Problem,Optimizer,Converged,Time,Minimum,Iterations,f_calls,g_calls,f_hat,f_error,x_error
BROWNDEN,Accelerated Gradient Descent,true,0.005278085,1.0629664771457683e7,3,15,15,85822.20135243253,1.054384257010525e7,31.073830265805245
BROWNDEN,BFGS,true,0.000866319,85822.2013524326,17,70,70,85822.20135243253,7.275957614183426e-11,6.683357689496461e-8
BROWNDEN,L-BFGS,true,0.000984022,85822.20135243254,18,81,81,85822.20135243253,1.4551915228366852e-11,6.683357867132145e-8
BROWNDEN,Momentum Gradient Descent,true,0.004493432,85822.20135243263,38,138,100,85822.20135243253,1.0186340659856796e-10,6.667001173354947e-8
BROWNDEN,Conjugate Gradient,true,0.002412552,85822.20135243262,87,372,372,85822.20135243253,8.731149137020111e-11,6.725920442818278e-8
BROWNDEN,Gradient Descent,true,0.005156514,85822.20135243263,194,714,714,85822.20135243253,1.0186340659856796e-10,6.819828968218644e-8
BROWNDEN,Nelder-Mead,true,0.218061426,85822.20135244002,201,241,0,85822.20135243253,7.494236342608929e-9,1.2796553825467072e-6
BROWNDEN,Particle Swarm,false,0.228662329,85822.20135243253,1000,5001,0,85822.20135243253,0.0,0.0
BROWNDEN,Simulated Annealing,false,0.026556186,85985.18056671937,1000,1001,0,85822.20135243253,162.97921428683912,0.28456955206092627
HILBERTA,Accelerated Gradient Descent,true,5.5269e-5,48.84609344455683,3,15,15,7.732133904681604e-130,48.84609344455683,8.497351559724622
HILBERTA,BFGS,true,6.7323e-5,4.5349230430411956e-29,2,9,9,7.732133904681604e-130,4.5349230430411956e-29,7.216449660063518e-15
HILBERTA,L-BFGS,true,4.4926e-5,4.5349230430411956e-29,2,9,9,7.732133904681604e-130,4.5349230430411956e-29,7.216449660063518e-15
HILBERTA,Momentum Gradient Descent,true,4.0522e-5,4.748279133892249e-27,2,7,5,7.732133904681604e-130,4.748279133892249e-27,3.0753177782116836e-13
HILBERTA,Conjugate Gradient,true,9.1142e-5,2.6462838985306876e-16,7,28,28,7.732133904681604e-130,2.6462838985306876e-16,7.907328490872027e-8
HILBERTA,Gradient Descent,true,0.000257644,8.547178209360428e-16,25,98,98,7.732133904681604e-130,8.547178209360428e-16,1.42099610524946e-7
HILBERTA,Nelder-Mead,true,0.000413413,1.872641980958667e-8,39,48,0,7.732133904681604e-130,1.872641980958667e-8,0.00012086948052896656
HILBERTA,Particle Swarm,false,0.006118175,7.732133904681604e-130,1000,4001,0,7.732133904681604e-130,0.0,0.0
HILBERTA,Simulated Annealing,false,0.01546081,0.0012515704828752786,1000,1001,0,7.732133904681604e-130,0.0012515704828752786,0.07727364739904674
HIMMELBB,Accelerated Gradient Descent,true,0.000163941,414900.30998307414,3,55,55,0.0,414900.30998307414,2.525297676418079
HIMMELBB,BFGS,true,0.000220437,1.0286688097605766e-29,7,64,64,0.0,1.0286688097605766e-29,2.7683002590284933
HIMMELBB,L-BFGS,true,0.000191866,1.8287445506838367e-29,7,64,64,0.0,1.8287445506838367e-29,2.768300259027504
HIMMELBB,Momentum Gradient Descent,true,0.000313646,8.388854679645123e-18,22,91,69,0.0,8.388854679645123e-18,1.0000000249009577
HIMMELBB,Conjugate Gradient,true,0.000165953,1.879596902623817e-19,6,61,61,0.0,1.879596902623817e-19,0.9999999975898414
HIMMELBB,Gradient Descent,true,0.000189692,7.178944181891952e-19,9,73,73,0.0,7.178944181891952e-19,0.9999999952821972
HIMMELBB,Nelder-Mead,true,0.000183013,1.4365935696424038e-11,14,22,0,0.0,1.4365935696424038e-11,1.0001497731011255
HIMMELBB,Particle Swarm,false,0.005276979,0.0,1000,4001,0,0.0,0.0,0.0
HIMMELBB,Simulated Annealing,false,0.001325675,1.6428481149045466e-10,1000,1001,0,0.0,1.6428481149045466e-10,0.7013873784887477
ENGVAL2,Accelerated Gradient Descent,true,9.3385e-5,240.19213380070673,3,20,20,9.140894036900846e-24,240.19213380070673,2.9758969398201534
ENGVAL2,BFGS,true,0.00042013,1.7418505710307387e-23,25,103,103,9.140894036900846e-24,8.277611673406541e-24,1.5592543480384025e-12
ENGVAL2,L-BFGS,true,0.000379627,9.140894036900846e-24,25,101,101,9.140894036900846e-24,0.0,0.0
ENGVAL2,Momentum Gradient Descent,true,0.000898778,6.0875495276117624e-18,81,271,190,9.140894036900846e-24,6.0875403867177255e-18,4.118972648188537e-9
ENGVAL2,Conjugate Gradient,false,0.012012569,0.03730196520107245,1000,3533,3533,9.140894036900846e-24,0.03730196520107245,0.23683736203457356
ENGVAL2,Gradient Descent,false,0.013390434,0.0006976245294220612,1000,4200,4200,9.140894036900846e-24,0.0006976245294220612,0.04361502569268575
ENGVAL2,Nelder-Mead,true,0.001601666,2.033568292072901e-9,130,169,0,9.140894036900846e-24,2.033568292072892e-9,5.8975905283570726e-5
ENGVAL2,Particle Swarm,false,0.007022216,0.023339199519035132,1000,4001,0,9.140894036900846e-24,0.023339199519035132,0.18441941575340018
ENGVAL2,Simulated Annealing,false,0.00190867,0.6099701501738255,1000,1001,0,9.140894036900846e-24,0.6099701501738255,0.4689633284005183
SISSER,Accelerated Gradient Descent,true,9.0746e-5,0.005168787038079633,3,17,17,0.0,0.005168787038079633,0.19999374448579843
SISSER,BFGS,true,0.000232467,2.3232006010638896e-12,15,57,57,0.0,2.3232006010638896e-12,0.0009355926006787663
SISSER,L-BFGS,true,0.000217731,2.3232006835254917e-12,15,57,57,0.0,2.3232006835254917e-12,0.0009355926066925393
SISSER,Momentum Gradient Descent,true,0.000169379,1.0193785828968031e-12,16,50,34,0.0,1.0193785828968031e-12,0.0005975394730116095
SISSER,Conjugate Gradient,true,0.000101506,1.1031378379411535e-12,6,31,31,0.0,1.1031378379411535e-12,0.000633971136227688
SISSER,Gradient Descent,true,9.7985e-5,2.64706806971213e-13,6,31,31,0.0,2.64706806971213e-13,0.0004478231496477941
SISSER,Nelder-Mead,true,0.00018906,9.262051111984686e-12,19,29,0,0.0,9.262051111984686e-12,0.001726640776605168
SISSER,Particle Swarm,false,0.005619141,0.0,1000,4001,0,0.0,0.0,0.0
SISSER,Simulated Annealing,false,0.001314051,4.0228395900405116e-6,1000,1001,0,0.0,4.0228395900405116e-6,0.02840904544542422
GROWTHLS,Accelerated Gradient Descent,true,7.568e-5,3542.14903046,1,5,5,1.0040405889476254,3541.1449898710525,1.3657233556589484e6
GROWTHLS,BFGS,true,8.8486e-5,3542.14903046,1,4,4,1.0040405889476254,3541.1449898710525,1.3657233556589484e6
GROWTHLS,L-BFGS,true,5.456e-5,3542.14903046,1,4,4,1.0040405889476254,3541.1449898710525,1.3657233556589484e6
GROWTHLS,Momentum Gradient Descent,true,4.8609e-5,3542.14903046,1,4,3,1.0040405889476254,3541.1449898710525,136572.509252917
GROWTHLS,Conjugate Gradient,true,4.9947e-5,3542.14903046,1,4,4,1.0040405889476254,3541.1449898710525,1.3657233556589484e6
GROWTHLS,Gradient Descent,true,4.8292e-5,3542.14903046,1,4,4,1.0040405889476254,3541.1449898710525,1.3657233556589484e6
GROWTHLS,Nelder-Mead,true,0.005393156,1.0040405889476254,311,432,0,1.0040405889476254,0.0,0.0
GROWTHLS,Particle Swarm,false,0.012158693,3542.14903046,1000,4001,0,1.0040405889476254,3541.1449898710525,976.0587306163453
GROWTHLS,Simulated Annealing,false,0.003134595,65.54733271085459,1000,1001,0,1.0040405889476254,64.54329212190696,98.37231752911357
SINEVAL,Accelerated Gradient Descent,true,8.4144e-5,5.666834569756671,3,21,21,8.995130105367532e-31,5.666834569756671,4.571866905819681
SINEVAL,BFGS,true,0.000880826,1.4660442998155104e-20,60,289,289,8.995130105367532e-31,1.4660442997255592e-20,1.4334428699129113e-10
SINEVAL,L-BFGS,true,0.001341623,8.995130105367532e-31,66,302,302,8.995130105367532e-31,0.0,0.0
SINEVAL,Momentum Gradient Descent,true,0.000830197,6.309963219795573e-28,54,239,185,8.995130105367532e-31,6.300968089690205e-28,5.0281399481671245e-14
SINEVAL,Conjugate Gradient,false,0.024889986,3.03718595642621,1000,3530,3530,8.995130105367532e-31,3.03718595642621,3.4850618919147
SINEVAL,Gradient Descent,false,0.011611858,0.08977759132792207,1000,4228,4228,8.995130105367532e-31,0.08977759132792207,0.5992446019161265
SINEVAL,Nelder-Mead,true,0.001608248,2.7531567339047755e-10,178,259,0,8.995130105367532e-31,2.7531567339047755e-10,2.5466016845366315e-5
SINEVAL,Particle Swarm,false,0.004676604,0.01746355574039078,1000,4001,0,8.995130105367532e-31,0.01746355574039078,0.26429882681540645
SINEVAL,Simulated Annealing,false,0.001455986,0.06669075662613042,1000,1001,0,8.995130105367532e-31,0.06669075662613042,0.21035169101153015
YFITU,Accelerated Gradient Descent,true,0.000203351,212231.87466905548,3,22,22,6.669720547199454e-13,212231.87466905548,119.9793204012147
YFITU,BFGS,true,0.001733043,6.669720547199454e-13,53,215,215,6.669720547199454e-13,0.0,0.0
YFITU,L-BFGS,true,0.002882261,6.66972057477274e-13,61,262,262,6.669720547199454e-13,2.7573286198663074e-21,4.5017145566816907e-10
YFITU,Momentum Gradient Descent,true,0.008425458,7.183207261286818e-13,316,1006,690,6.669720547199454e-13,5.134867140873642e-14,3.292754885819704e-5
YFITU,Conjugate Gradient,false,0.041504162,169.8836200341226,1000,3575,3575,6.669720547199454e-13,169.88362003412195,117.64427211065899
YFITU,Gradient Descent,false,0.032631374,176.683337686804,1000,3534,3534,6.669720547199454e-13,176.68333768680336,117.95436708830326
YFITU,Nelder-Mead,true,0.004490845,4.918713204776732e-9,303,420,0,6.669720547199454e-13,4.918046232722012e-9,0.002740428964216335
YFITU,Particle Swarm,false,0.013068375,27.327443551032808,1000,4001,0,6.669720547199454e-13,27.32744355103214,101.20584007968162
YFITU,Simulated Annealing,false,0.004662067,213.81952119909863,1000,1001,0,6.669720547199454e-13,213.81952119909798,119.0144636021736
HAIRY,Accelerated Gradient Descent,true,0.000112533,1036.4881988945037,3,27,27,20.0,1016.4881988945037,5.853358845519617
HAIRY,BFGS,true,0.000503913,20.0,26,135,135,20.0,0.0,0.0
HAIRY,L-BFGS,true,0.000510741,20.0,26,137,137,20.0,0.0,8.539644984827051e-18
HAIRY,Momentum Gradient Descent,true,0.000382472,20.0,27,115,88,20.0,0.0,8.569256861684319e-18
HAIRY,Conjugate Gradient,true,0.000953601,20.0,73,278,278,20.0,0.0,1.0194923771021233e-9
HAIRY,Gradient Descent,true,0.000940867,20.0,51,204,204,20.0,0.0,6.896682746291772e-11
HAIRY,Nelder-Mead,true,0.001153139,20.00000000099589,63,74,0,20.0,9.958895930139988e-10,1.944645159119854e-6
HAIRY,Particle Swarm,false,0.00453478,20.0,1000,4001,0,20.0,0.0,1.1394519403404047e-9
HAIRY,Simulated Annealing,false,0.012912287,22.645794128990282,1000,1001,0,20.0,2.645794128990282,0.08656871421451144
MARATOSB,Accelerated Gradient Descent,true,8.8838e-5,103690.59495433781,3,15,15,-1.0000000624999923,103691.59495440031,1.8200206896051347
MARATOSB,BFGS,true,0.01353473,-1.0000000624999923,982,4491,4491,-1.0000000624999923,0.0,0.0
MARATOSB,L-BFGS,true,0.0144622,-1.0000000624999923,984,4499,4499,-1.0000000624999923,0.0,3.54546311916703e-14
MARATOSB,Momentum Gradient Descent,true,0.02310022,-1.0000000624999923,935,4337,3402,-1.0000000624999923,0.0,1.2528973109114127e-9
MARATOSB,Conjugate Gradient,false,0.011450058,0.9958610274804108,1000,4501,4501,-1.0000000624999923,1.9958610899804032,1.9958611442644227
MARATOSB,Gradient Descent,false,0.010866348,0.9939435846901147,1000,4115,4115,-1.0000000624999923,1.993943647190107,1.9939435187783805
MARATOSB,Nelder-Mead,false,0.007647621,0.4589652978645543,1000,1531,0,-1.0000000624999923,1.4589653603645467,1.4561533448012214
MARATOSB,Particle Swarm,false,0.013693796,0.9441447324559363,1000,4001,0,-1.0000000624999923,1.9441447949559287,1.9441448285986032
MARATOSB,Simulated Annealing,false,0.001770215,-0.8998677615495867,1000,1001,0,-1.0000000624999923,0.1001323009504056,0.3817966045988835
HIMMELBG,Accelerated Gradient Descent,true,6.5792e-5,0.6358148907390047,3,13,13,1.269736446594892e-201,0.6358148907390047,0.36900830896411485
HIMMELBG,BFGS,true,0.000153994,9.9639209276327e-23,8,33,33,1.269736446594892e-201,9.9639209276327e-23,5.112098330640381e-12
HIMMELBG,L-BFGS,true,0.000120188,9.963920898990481e-23,8,33,33,1.269736446594892e-201,9.963920898990481e-23,5.112098323917057e-12
HIMMELBG,Momentum Gradient Descent,true,0.000122815,2.208695453283962e-24,9,35,26,1.269736446594892e-201,2.208695453283962e-24,9.654344552323734e-13
HIMMELBG,Conjugate Gradient,true,0.000129055,4.703271775182634e-18,12,41,41,1.269736446594892e-201,4.703271775182634e-18,1.3810483793151996e-9
HIMMELBG,Gradient Descent,true,0.00010667,8.171860822306824e-19,10,34,34,1.269736446594892e-201,8.171860822306824e-19,6.02401572024366e-10
HIMMELBG,Nelder-Mead,true,0.000386325,1.5779911025062396e-8,35,43,0,1.269736446594892e-201,1.5779911025062396e-8,3.425080322152356e-5
HIMMELBG,Particle Swarm,false,0.004927815,1.269736446594892e-201,1000,4001,0,1.269736446594892e-201,0.0,0.0
HIMMELBG,Simulated Annealing,false,0.00135538,1.0485530513623743e-15,1000,1001,0,1.269736446594892e-201,1.0485530513623743e-15,28.574161053729387
DENSCHNF,Accelerated Gradient Descent,true,7.8461e-5,25.868128941780142,3,15,15,9.860761315262648e-31,25.868128941780142,2.01200870445137
DENSCHNF,BFGS,true,0.000156158,6.310887241768095e-30,9,38,38,9.860761315262648e-31,5.32481111024183e-30,2.1834670032419567
DENSCHNF,L-BFGS,true,0.000141058,6.310887241768095e-30,9,38,38,9.860761315262648e-31,5.32481111024183e-30,2.1834670032419567
DENSCHNF,Momentum Gradient Descent,true,0.000137269,8.204153414298525e-28,11,37,26,9.860761315262648e-31,8.194292652983262e-28,2.183467003241955
DENSCHNF,Conjugate Gradient,true,0.000248632,2.609486868906511e-19,22,79,79,9.860761315262648e-31,2.60948686889665e-19,2.1834670032673493
DENSCHNF,Gradient Descent,true,0.000238267,8.808563802927598e-20,22,79,79,9.860761315262648e-31,8.80856380282899e-20,2.183467003255871
DENSCHNF,Nelder-Mead,true,0.000488731,1.0759056271992709e-8,51,65,0,9.860761315262648e-31,1.0759056271992709e-8,2.1834712483030367
DENSCHNF,Particle Swarm,false,0.004832296,9.860761315262648e-31,1000,4001,0,9.860761315262648e-31,0.0,0.0
DENSCHNF,Simulated Annealing,false,0.001390222,0.018039772871755264,1000,1001,0,9.860761315262648e-31,0.018039772871755264,2.1786180152215104
KOWOSB,Accelerated Gradient Descent,true,8.7418e-5,0.029973049331560944,3,15,15,0.00030780094673332065,0.029665248384827623,0.3049952444488173
KOWOSB,BFGS,true,0.000622096,0.00030780094673332065,18,79,79,0.00030780094673332065,0.0,0.0
KOWOSB,L-BFGS,true,0.000415244,0.0003078009467333212,18,79,79,0.00030780094673332065,5.421010862427522e-19,1.0849507542376458e-9
KOWOSB,Momentum Gradient Descent,true,0.001296182,0.0003078009467340584,77,256,179,0.00030780094673332065,7.377453682677615e-16,5.939059456450124e-7
KOWOSB,Conjugate Gradient,false,0.017319682,0.0003648980277218855,1000,3590,3590,0.00030780094673332065,5.709708098856485e-5,0.26678369689092496
KOWOSB,Gradient Descent,false,0.02035753,0.0003080877303878935,1000,4357,4357,0.00030780094673332065,2.8678365457287776e-7,0.01276821447158541
KOWOSB,Nelder-Mead,true,0.001551311,0.0003078088088559524,105,139,0,0.00030780094673332065,7.862122631749346e-9,0.001677482420738896
KOWOSB,Particle Swarm,false,0.009587663,0.00042254189817108977,1000,5001,0,0.00030780094673332065,0.00011474095143776912,0.478831197012393
KOWOSB,Simulated Annealing,false,0.002075319,0.00198812701450097,1000,1001,0,0.00030780094673332065,0.0016803260677676493,42.19459019241298
HIMMELBH,Accelerated Gradient Descent,true,9.2602e-5,-0.9064519559813486,3,15,15,-9.702266925039542e7,9.702266834394346e7,460.5991623119453
HIMMELBH,BFGS,true,0.000298049,-1.0,6,24,24,-9.702266925039542e7,9.702266825039542e7,460.50805839711654
HIMMELBH,L-BFGS,true,0.000226408,-1.0,6,24,24,-9.702266925039542e7,9.702266825039542e7,460.50805839711654
HIMMELBH,Momentum Gradient Descent,true,0.000195185,-1.0,10,36,26,-9.702266925039542e7,9.702266825039542e7,460.50805839718686
HIMMELBH,Conjugate Gradient,true,0.000310987,-1.0,24,85,85,-9.702266925039542e7,9.702266825039542e7,460.50805839683323
HIMMELBH,Gradient Descent,true,0.000294089,-1.0,23,82,82,-9.702266925039542e7,9.702266825039542e7,460.50805839866564
HIMMELBH,Nelder-Mead,true,0.000559127,-0.9999999928119851,48,64,0,-9.702266925039542e7,9.702266825039542e7,460.508055416876
HIMMELBH,Particle Swarm,false,0.004629676,-1.0000000000000004,1000,4001,0,-9.702266925039542e7,9.702266825039542e7,460.5080584003146
HIMMELBH,Simulated Annealing,false,0.002803141,-9.702266925039542e7,1000,1001,0,-9.702266925039542e7,0.0,0.0
ZANGWIL2,Accelerated Gradient Descent,true,3.2095e-5,-18.200000009100005,1,5,5,-18.200000009100023,1.7763568394002505e-14,2.4369702700255402e-8
ZANGWIL2,BFGS,true,5.1513e-5,-18.200000009100005,1,4,4,-18.200000009100023,1.7763568394002505e-14,2.4369702700255402e-8
ZANGWIL2,L-BFGS,true,2.907e-5,-18.200000009100005,1,4,4,-18.200000009100023,1.7763568394002505e-14,2.4369702700255402e-8
ZANGWIL2,Momentum Gradient Descent,true,3.0194e-5,-18.200000009099988,1,4,3,-18.200000009100023,3.552713678800501e-14,2.43695943424882e-8
ZANGWIL2,Conjugate Gradient,true,2.8746e-5,-18.200000009100005,1,4,4,-18.200000009100023,1.7763568394002505e-14,2.4369702700255402e-8
ZANGWIL2,Gradient Descent,true,2.6082e-5,-18.200000009100005,1,4,4,-18.200000009100023,1.7763568394002505e-14,2.4369702700255402e-8
ZANGWIL2,Nelder-Mead,true,0.000377823,-18.199999987126247,35,41,0,-18.200000009100023,2.1973775687911257e-8,1.4598447185321106e-5
ZANGWIL2,Particle Swarm,false,0.005507107,-18.200000009100023,1000,4001,0,-18.200000009100023,0.0,0.0
ZANGWIL2,Simulated Annealing,false,0.001772909,-18.19463638416163,1000,1001,0,-18.200000009100023,0.005363624938393485,0.06046819737838538
HATFLDD,Accelerated Gradient Descent,true,0.000139041,195.77793080587054,3,15,15,6.615113919053929e-8,195.7779307397194,3.218027277800658
HATFLDD,BFGS,true,0.000446151,6.615113919059723e-8,14,56,56,6.615113919053929e-8,5.794234754811448e-20,8.881784197001252e-16
HATFLDD,L-BFGS,true,0.000380824,6.615113919053929e-8,14,56,56,6.615113919053929e-8,0.0,0.0
HATFLDD,Momentum Gradient Descent,true,0.002110163,2.5468954897434927e-7,115,386,271,6.615113919053929e-8,1.8853840978380998e-7,0.877261554942529
HATFLDD,Conjugate Gradient,false,0.02283715,1.6662497893392192e-5,1000,3501,3501,6.615113919053929e-8,1.6596346754201655e-5,0.2529575997184629
HATFLDD,Gradient Descent,false,0.024717766,1.6951710544552417e-7,1000,3973,3973,6.615113919053929e-8,1.0336596625498488e-7,0.01320533490725806
HATFLDD,Nelder-Mead,true,0.001463704,6.873076696529572e-8,156,220,0,6.615113919053929e-8,2.5796277747564307e-9,0.001728808156709838
HATFLDD,Particle Swarm,false,0.020459327,0.012499914671967425,1000,4001,0,6.615113919053929e-8,0.012499848520828234,1.2558253241163213
HATFLDD,Simulated Annealing,false,0.002539929,0.0058173187236505355,1000,1001,0,6.615113919053929e-8,0.005817252572511345,12.651828388076826
BRKMCC,Accelerated Gradient Descent,true,6.6158e-5,28.058501720357683,3,16,16,-1.148887259468951,29.207388979826632,1.7504286897682646
BRKMCC,BFGS,true,9.5029e-5,0.1690426791964504,4,18,18,-1.148887259468951,1.3179299386654013,0.7408363232747155
BRKMCC,L-BFGS,true,7.6877e-5,0.1690426791964504,4,18,18,-1.148887259468951,1.3179299386654013,0.7408363232747155
BRKMCC,Momentum Gradient Descent,true,9.754e-5,0.16904267919645025,6,25,19,-1.148887259468951,1.3179299386654013,0.7408363232703292
BRKMCC,Conjugate Gradient,true,0.000193253,0.16904267919645025,13,58,58,-1.148887259468951,1.3179299386654013,0.7408363247693905
BRKMCC,Gradient Descent,true,0.000314762,0.1690426791964504,21,88,88,-1.148887259468951,1.3179299386654013,0.7408363231149278
BRKMCC,Nelder-Mead,true,0.00046369,0.16904268805080547,42,48,0,-1.148887259468951,1.3179299475197563,0.7409064403828292
BRKMCC,Particle Swarm,false,0.005055722,0.16904272972515902,1000,4001,0,-1.148887259468951,1.31792998919411,0.7406315582922909
BRKMCC,Simulated Annealing,false,0.001435619,-1.148887259468951,1000,1001,0,-1.148887259468951,0.0,0.0
DENSCHNA,Accelerated Gradient Descent,true,7.9095e-5,4.2924818012091315,3,16,16,4.0691822884001387e-66,4.2924818012091315,0.8142065167401419
DENSCHNA,BFGS,true,0.000162762,1.1387958658963277e-21,9,35,35,4.0691822884001387e-66,1.1387958658963277e-21,4.6796921225554235e-11
DENSCHNA,L-BFGS,true,0.000131237,1.1387896318007374e-21,9,35,35,4.0691822884001387e-66,1.1387896318007374e-21,4.6796871483703226e-11
DENSCHNA,Momentum Gradient Descent,true,9.8186e-5,4.9413479532423144e-24,8,25,17,4.0691822884001387e-66,4.9413479532423144e-24,2.7407991128155663e-12
DENSCHNA,Conjugate Gradient,true,0.000609497,2.6288680528662468e-17,60,212,212,4.0691822884001387e-66,2.6288680528662468e-17,7.224256256310326e-9
DENSCHNA,Gradient Descent,true,0.000329499,1.2272299820106411e-18,31,115,115,4.0691822884001387e-66,1.2272299820106411e-18,7.59144028313056e-10
DENSCHNA,Nelder-Mead,true,0.000425224,5.190777056683971e-9,40,48,0,4.0691822884001387e-66,5.190777056683971e-9,2.017785479867517e-5
DENSCHNA,Particle Swarm,false,0.005289741,4.0691822884001387e-66,1000,4001,0,4.0691822884001387e-66,0.0,0.0
DENSCHNA,Simulated Annealing,false,0.001582945,0.002384657121984212,1000,1001,0,4.0691822884001387e-66,0.002384657121984212,0.0652726693239964
DENSCHNC,Accelerated Gradient Descent,true,0.00010475,1.0721888038386567,3,17,17,0.0,1.0721888038386567,2.0513611657195074
DENSCHNC,BFGS,true,0.000309351,0.18336165467793433,12,52,52,0.0,0.18336165467793433,2.1988262140735277
DENSCHNC,L-BFGS,true,0.000251479,0.18336165467793433,12,52,52,0.0,0.18336165467793433,2.1988262140735277
DENSCHNC,Momentum Gradient Descent,true,0.000161901,1.458047592120203e-21,14,49,35,0.0,1.458047592120203e-21,1.7137474114574198
DENSCHNC,Conjugate Gradient,true,0.000309355,5.810429229710568e-19,24,100,100,0.0,5.810429229710568e-19,1.7137474108048925
DENSCHNC,Gradient Descent,true,0.001717428,1.3523421547637425e-17,178,631,631,0.0,1.3523421547637425e-17,1.7137474145920362
DENSCHNC,Nelder-Mead,true,0.000438209,0.18336169024929136,41,49,0,0.0,0.18336169024929136,2.198826982135692
DENSCHNC,Particle Swarm,false,0.005451954,0.0,1000,4001,0,0.0,0.0,0.0
DENSCHNC,Simulated Annealing,false,0.001488468,0.031154819803873458,1000,1001,0,0.0,0.031154819803873458,1.7138481784510757
S308,Accelerated Gradient Descent,true,8.1986e-5,2.4704467568133452,3,17,17,0.7731990564929235,1.6972477003204216,1.0010771776609286
S308,BFGS,true,0.000181532,0.7731990564929238,10,41,41,0.7731990564929235,2.220446049250313e-16,1.105490032848877e-9
S308,L-BFGS,true,0.000153303,0.7731990564929238,10,41,41,0.7731990564929235,2.220446049250313e-16,1.105490032848877e-9
S308,Momentum Gradient Descent,true,0.000143442,0.7731990564929238,11,37,26,0.7731990564929235,2.220446049250313e-16,1.1080824036113768e-9
S308,Conjugate Gradient,true,0.000263886,0.7731990564929236,23,85,85,0.7731990564929235,1.1102230246251565e-16,2.6139550801662637e-9
S308,Gradient Descent,true,0.000576685,0.7731990564929238,23,86,86,0.7731990564929235,2.220446049250313e-16,3.916189150743321e-9
S308,Nelder-Mead,true,0.000513154,0.773199065356464,46,55,0,0.7731990564929235,8.8635404571491e-9,1.3891179292650608
S308,Particle Swarm,false,0.008247216,0.7731990564929235,1000,4001,0,0.7731990564929235,0.0,0.0
S308,Simulated Annealing,false,0.001508729,0.7757408365139432,1000,1001,0,0.7731990564929235,0.0025417800210196795,1.3898496394231845
SNAIL,Accelerated Gradient Descent,true,0.00012687,73.60094130002548,3,17,17,3.227297517327491e-180,73.60094130002548,52.91688124916404
SNAIL,BFGS,true,0.000437879,4.666909527017067e-25,27,112,112,3.227297517327491e-180,4.666909527017067e-25,5.011474536106174e-13
SNAIL,L-BFGS,true,0.000423729,4.65779587105833e-25,27,112,112,3.227297517327491e-180,4.65779587105833e-25,5.006658391074334e-13
SNAIL,Momentum Gradient Descent,true,0.001142658,3.678206185678352e-21,84,342,258,3.227297517327491e-180,3.678206185678352e-21,5.8008439746699066e-11
SNAIL,Conjugate Gradient,true,9.6738e-5,2.1398810891846855e-18,6,24,24,3.227297517327491e-180,2.1398810891846855e-18,1.4596414645606554e-9
SNAIL,Gradient Descent,true,0.000149472,1.9155517896860433e-17,10,40,40,3.227297517327491e-180,1.9155517896860433e-17,3.348468410355772e-9
SNAIL,Nelder-Mead,true,0.002663928,7.167516027809226e-11,291,428,0,3.227297517327491e-180,7.167516027809226e-11,0.0001285393058410566
SNAIL,Particle Swarm,false,0.005348505,3.227297517327491e-180,1000,4001,0,3.227297517327491e-180,0.0,0.0
SNAIL,Simulated Annealing,false,0.00181043,10.508608730278498,1000,1001,0,3.227297517327491e-180,10.508608730278498,8.99489570384066
EXPFIT,Accelerated Gradient Descent,true,0.000117515,25.75517150204303,3,16,16,0.2405105939990582,25.51466090804397,3.574435613174567
EXPFIT,BFGS,true,0.000424059,0.2405105939990582,11,44,44,0.2405105939990582,0.0,0.0
EXPFIT,L-BFGS,true,0.000445312,0.24051059399905822,11,44,44,0.2405105939990582,2.7755575615628914e-17,1.1102230246251565e-16
EXPFIT,Momentum Gradient Descent,true,0.000446545,0.24051059399905836,16,60,44,0.2405105939990582,1.6653345369377348e-16,1.5155132704336438e-10
EXPFIT,Conjugate Gradient,true,0.006290747,0.24051059399905853,403,1418,1418,0.2405105939990582,3.3306690738754696e-16,2.564049528253065e-9
EXPFIT,Gradient Descent,true,0.004328493,0.2405105939990584,242,868,868,0.2405105939990582,1.942890293094024e-16,1.9138357565395836e-10
EXPFIT,Nelder-Mead,true,0.000505919,0.24051059574665182,48,66,0,0.2405105939990582,1.7475936253674718e-9,3.999972097745719e-5
EXPFIT,Particle Swarm,false,0.015450254,0.2448728194918376,1000,4001,0,0.2405105939990582,0.004362225492779398,0.023260645928662838
EXPFIT,Simulated Annealing,false,0.002772315,0.3333895839082362,1000,1001,0,0.2405105939990582,0.092878989909178,0.11068736082836911
BOX3,Accelerated Gradient Descent,true,0.000208393,20.0936927583019,3,14,14,5.431663393699703e-19,20.0936927583019,2.0000703460960567
BOX3,BFGS,true,0.000548906,5.431663393699703e-19,9,40,40,5.431663393699703e-19,0.0,0.0
BOX3,L-BFGS,true,0.000438872,5.431663393699703e-19,9,40,40,5.431663393699703e-19,0.0,0.0
BOX3,Momentum Gradient Descent,true,0.000520706,5.620420601648487e-16,20,66,46,5.431663393699703e-19,5.614988938254788e-16,1.1025267383502069e-6
BOX3,Conjugate Gradient,false,0.026568852,8.373690647598811e-8,1000,4000,4000,5.431663393699703e-19,8.373690647544495e-8,0.013501127545943348
BOX3,Gradient Descent,true,0.011831227,4.8134914849991104e-14,442,1790,1790,5.431663393699703e-19,4.813437168365173e-14,1.023493440222012e-5
BOX3,Nelder-Mead,true,0.000886175,1.31554694468839e-9,83,108,0,5.431663393699703e-19,1.3155469441452236e-9,0.0007559634716454156
BOX3,Particle Swarm,false,0.008656509,0.0003737225469508086,1000,4001,0,5.431663393699703e-19,0.00037372254695080805,0.7501684502859156
BOX3,Simulated Annealing,false,0.002873989,0.00040364668992786193,1000,1001,0,5.431663393699703e-19,0.0004036466899278614,7.760472066480707
HIMMELBF,Accelerated Gradient Descent,true,0.000142601,41613.58757023756,3,17,17,318.57174879112375,41295.01582144644,207.501698129214
HIMMELBF,BFGS,true,0.000429881,318.57174879112375,16,67,67,318.57174879112375,0.0,0.0
HIMMELBF,L-BFGS,true,0.000296949,318.57174879112387,16,67,67,318.57174879112375,1.1368683772161603e-13,1.0413714335300028e-10
HIMMELBF,Momentum Gradient Descent,true,0.02140075,318.5717487919158,896,2861,1965,318.57174879112375,7.920561984064989e-10,0.005661838820287812
HIMMELBF,Conjugate Gradient,false,0.015049972,980.6434701404035,1000,3534,3534,318.57174879112375,662.0717213492796,207.74457121113687
HIMMELBF,Gradient Descent,false,0.013905286,988.4485469336475,1000,3509,3509,318.57174879112375,669.8767981425237,207.73798577316893
HIMMELBF,Nelder-Mead,true,0.001900229,318.5717487947135,202,255,0,318.57174879112375,3.5897755878977478e-9,0.002135484706968782
HIMMELBF,Particle Swarm,false,0.006919559,410.17443197254323,1000,5001,0,318.57174879112375,91.60268318141948,1707.5156158018492
HIMMELBF,Simulated Annealing,false,0.002285947,926.2646310795146,1000,1001,0,318.57174879112375,607.6928822883908,216.04683612274243
JENSMP,Accelerated Gradient Descent,true,0.000116373,2020.0,1,5,5,124.36218235561476,1895.6378176443852,87402.00449555847
JENSMP,BFGS,true,0.000144891,2020.0,1,4,4,124.36218235561476,1895.6378176443852,87402.00449555847
JENSMP,L-BFGS,true,9.0699e-5,2020.0,1,4,4,124.36218235561476,1895.6378176443852,87402.00449555847
JENSMP,Momentum Gradient Descent,true,7.9734e-5,2020.0,1,4,3,124.36218235561476,1895.6378176443852,8740.083198413105
JENSMP,Conjugate Gradient,true,7.4191e-5,2020.0,1,4,4,124.36218235561476,1895.6378176443852,87402.00449555847
JENSMP,Gradient Descent,true,7.6751e-5,2020.0,1,4,4,124.36218235561476,1895.6378176443852,87402.00449555847
JENSMP,Nelder-Mead,true,0.00093914,124.36218235646118,60,72,0,124.36218235561476,8.464127176921465e-10,6.01392274257595e-7
JENSMP,Particle Swarm,false,0.009975675,124.36218235561476,1000,4001,0,124.36218235561476,0.0,0.0
JENSMP,Simulated Annealing,false,0.002864148,125.3477047453746,1000,1001,0,124.36218235561476,0.9855223897598364,0.013340640326404446
ALLINITU,Accelerated Gradient Descent,true,9.6263e-5,8.710625561489108,3,17,17,5.744384910320334,2.966240651168774,0.9377701601156785
ALLINITU,BFGS,true,0.000301227,5.744384910320337,13,55,55,5.744384910320334,2.6645352591003757e-15,9.134758061080106e-9
ALLINITU,L-BFGS,true,0.000260148,5.744384910320337,13,55,55,5.744384910320334,2.6645352591003757e-15,9.134758061080106e-9
ALLINITU,Momentum Gradient Descent,true,0.000232291,5.744384910320338,15,52,37,5.744384910320334,4.440892098500626e-15,8.215180979931347e-9
ALLINITU,Conjugate Gradient,true,0.000419913,5.744384910320335,25,92,92,5.744384910320334,8.881784197001252e-16,9.634429254390398e-9
ALLINITU,Gradient Descent,true,0.000344282,5.7443849103203375,23,85,85,5.744384910320334,3.552713678800501e-15,9.41275990484769e-9
ALLINITU,Nelder-Mead,true,0.001944085,5.7443849163285945,125,163,0,5.744384910320334,6.008260555745437e-9,1.6438593263071177e-5
ALLINITU,Particle Swarm,false,0.008830533,5.744384910320334,1000,5001,0,5.744384910320334,0.0,0.0
ALLINITU,Simulated Annealing,false,0.002305427,5.792710324434693,1000,1001,0,5.744384910320334,0.04832541411435898,0.07798552248735624
DJTL,Accelerated Gradient Descent,true,0.000205932,7.43806616989133e11,3,42,42,-8951.544723747415,7.438066259406777e11,0.7028674529281957
DJTL,BFGS,false,0.021999781,-8760.447569412407,1000,4074,4074,-8951.544723747415,191.09715433500787,0.14741622916983976
DJTL,L-BFGS,false,Inf,Inf,Inf,Inf,Inf,-8951.544723747415,Inf,Inf
DJTL,Momentum Gradient Descent,true,0.014615679,-8951.544723747415,154,1010,856,-8951.544723747415,0.0,0.0
DJTL,Conjugate Gradient,false,0.018018366,-8951.523250479673,1000,3710,3710,-8951.544723747415,0.021473267741384916,0.00023385632567318737
DJTL,Gradient Descent,false,0.017215411,-8951.544660322414,1000,3640,3640,-8951.544723747415,6.342500091705006e-5,1.2137609141982253e-5
DJTL,Nelder-Mead,true,0.004688707,-8951.544723747245,489,725,0,-8951.544723747415,1.6916601452976465e-10,2.1300275543367775e-8
DJTL,Particle Swarm,false,0.007756907,-8607.221739540302,1000,4001,0,-8951.544723747415,344.3229842071123,0.27212602214102566
DJTL,Simulated Annealing,false,0.002240436,-8379.167196990777,1000,1001,0,-8951.544723747415,572.377526756638,0.45322068574952756
OSBORNEA,Accelerated Gradient Descent,true,0.000379114,0.1989570445666082,3,25,25,5.464894697482759e-5,0.19890239561963338,0.46466078027747737
OSBORNEA,BFGS,true,0.003045382,5.4648946974828586e-5,46,207,207,5.464894697482759e-5,9.961107459710572e-19,3.1633917707551973e-10
OSBORNEA,L-BFGS,true,0.002980103,5.464894697482759e-5,29,136,136,5.464894697482759e-5,0.0,0.0
OSBORNEA,Momentum Gradient Descent,false,0.038945576,7.617389125980232e-5,1000,3020,2018,5.464894697482759e-5,2.152494428497473e-5,0.44408562537676977
OSBORNEA,Conjugate Gradient,false,0.055829172,0.00966547632216382,1000,3531,3531,5.464894697482759e-5,0.009610827375188992,0.4565070043349233
OSBORNEA,Gradient Descent,false,0.054005238,0.0036147898724834494,1000,3553,3553,5.464894697482759e-5,0.003560140925508622,0.45961801894703247
OSBORNEA,Nelder-Mead,true,0.00236283,5.604626215712896e-5,135,159,0,5.464894697482759e-5,1.397315182301367e-6,0.16162350257365876
OSBORNEA,Particle Swarm,false,0.040308178,0.03178706688650987,1000,6001,0,5.464894697482759e-5,0.03173241793953504,557.9065487908118
OSBORNEA,Simulated Annealing,false,0.006063411,0.8790262935446401,1000,1001,0,5.464894697482759e-5,0.8789716445976653,0.4646871362956577
BEALE,Accelerated Gradient Descent,true,9.0572e-5,4.0403292127609625,3,17,17,2.87666826280322e-24,4.0403292127609625,1.6661720119965002
BEALE,BFGS,true,0.00021974,2.87666826280322e-24,10,43,43,2.87666826280322e-24,0.0,0.0
BEALE,L-BFGS,true,0.000250467,2.87666826280322e-24,10,43,43,2.87666826280322e-24,0.0,0.0
BEALE,Momentum Gradient Descent,true,0.000197394,3.7602210186243804e-23,15,49,34,2.87666826280322e-24,3.4725541923440584e-23,1.1114664744127367e-11
BEALE,Conjugate Gradient,true,0.00124781,7.098513216714949e-17,57,231,231,2.87666826280322e-24,7.098512929048123e-17,2.1053186749497854e-8
BEALE,Gradient Descent,true,0.002829811,9.119067085683753e-18,196,727,727,2.87666826280322e-24,9.11906420901549e-18,7.279510327862226e-9
BEALE,Nelder-Mead,true,0.000455275,4.614701511618842e-9,41,52,0,2.87666826280322e-24,4.61470151161884e-9,4.97349699650762e-5
BEALE,Particle Swarm,false,0.006488423,4.656554367039393e-13,1000,4001,0,2.87666826280322e-24,4.656554367010626e-13,1.7056509946655751e-6
BEALE,Simulated Annealing,false,0.001668483,0.0008889876822779533,1000,1001,0,2.87666826280322e-24,0.0008889876822779533,0.07135286361519144
HELIX,Accelerated Gradient Descent,true,7.6944e-5,1950.2575894599859,3,15,15,6.535135914942693e-29,1950.2575894599859,4.3978244176317505
HELIX,BFGS,true,0.000382478,6.535135914942693e-29,24,98,98,6.535135914942693e-29,0.0,0.0
HELIX,L-BFGS,true,0.000552486,3.728500732553439e-20,23,92,92,6.535135914942693e-29,3.728500726018303e-20,1.2893027094107124e-10
HELIX,Momentum Gradient Descent,true,0.001034376,1.2162780412793585e-17,68,212,144,6.535135914942693e-29,1.2162780412728234e-17,3.4833661338160936e-9
HELIX,Conjugate Gradient,false,0.011507988,0.0006770685423328173,1000,3503,3503,6.535135914942693e-29,0.0006770685423328173,0.02602033159008068
HELIX,Gradient Descent,false,0.020131874,4.115792295958774e-15,1000,3734,3734,6.535135914942693e-29,4.115792295958708e-15,6.4153446127426e-8
HELIX,Nelder-Mead,true,0.001151388,4.458236590528956e-9,127,167,0,6.535135914942693e-29,4.458236590528956e-9,1.6106198664331145e-5
HELIX,Particle Swarm,false,0.006855726,4.400724544599981e-6,1000,4001,0,6.535135914942693e-29,4.400724544599981e-6,0.0020976429589418663
HELIX,Simulated Annealing,false,0.001705724,2.4104674304728326,1000,1001,0,6.535135914942693e-29,2.4104674304728326,1.1746539040456783
MEXHAT,Accelerated Gradient Descent,true,0.000175916,5.700110900013835,3,63,63,-0.040010000000000004,5.740120900013834,0.012301515656825357
MEXHAT,BFGS,true,0.000371626,-0.040010000000000004,16,130,130,-0.040010000000000004,0.0,0.0
MEXHAT,L-BFGS,true,0.000468542,-0.040010000000000004,16,131,131,-0.040010000000000004,0.0,1.6253665080512292e-12
MEXHAT,Momentum Gradient Descent,true,0.000843247,-0.040010000000000004,33,177,144,-0.040010000000000004,0.0,1.9817480989559044e-13
MEXHAT,Conjugate Gradient,false,0.010637013,0.09519546185734556,1000,3595,3595,-0.040010000000000004,0.13520546185734555,0.006943392209109001
MEXHAT,Gradient Descent,false,0.012140672,-0.03555524155376928,1000,4249,4249,-0.040010000000000004,0.004454758446230722,0.014486900438578032
MEXHAT,Nelder-Mead,true,0.001706219,-0.04000999330418208,220,312,0,-0.040010000000000004,6.695817920954195e-9,1.3421075181208053e-6
MEXHAT,Particle Swarm,false,0.007111833,-0.011566125618048293,1000,4001,0,-0.040010000000000004,0.02844387438195171,0.11778592239317487
MEXHAT,Simulated Annealing,false,0.001426823,2833.6953122648647,1000,1001,0,-0.040010000000000004,2833.735322264865,0.004555073339134075
DENSCHNB,Accelerated Gradient Descent,true,0.000163182,1.9874859009010213,3,16,16,4.930380657631324e-32,1.9874859009010213,1.236490171242352
DENSCHNB,BFGS,true,0.000331739,9.65643401636376e-20,8,30,30,4.930380657631324e-32,9.65643401635883e-20,2.0792256805179932e-10
DENSCHNB,L-BFGS,true,0.00019658,9.65643401636376e-20,8,30,30,4.930380657631324e-32,9.65643401635883e-20,2.0792256805179932e-10
DENSCHNB,Momentum Gradient Descent,true,8.4095e-5,2.3271005964863175e-19,6,19,13,4.930380657631324e-32,2.3271005964858245e-19,3.401994241869488e-10
DENSCHNB,Conjugate Gradient,true,0.000160303,9.007304072974744e-18,14,52,52,4.930380657631324e-32,9.007304072974694e-18,1.926424797460413e-9
DENSCHNB,Gradient Descent,true,0.000137374,1.1931407848360556e-19,12,45,45,4.930380657631324e-32,1.1931407848355625e-19,2.377666952213531e-10
DENSCHNB,Nelder-Mead,true,0.000418866,1.537053704937279e-9,38,45,0,4.930380657631324e-32,1.537053704937279e-9,5.7891172481339126e-5
DENSCHNB,Particle Swarm,false,0.005462464,4.930380657631324e-32,1000,4001,0,4.930380657631324e-32,0.0,0.0
DENSCHNB,Simulated Annealing,false,0.001596418,0.0023325996521584677,1000,1001,0,4.930380657631324e-32,0.0023325996521584677,0.029453359257482603
MEYER3,Accelerated Gradient Descent,true,0.000203695,7.803805368187073e9,3,27,27,87.9458551707174,7.803805280241218e9,2181.346340455488
MEYER3,BFGS,true,0.010887838,87.9458551707174,328,1551,1551,87.9458551707174,0.0,0.0
MEYER3,L-BFGS,false,Inf,Inf,Inf,Inf,Inf,87.9458551707174,Inf,Inf
MEYER3,Momentum Gradient Descent,false,Inf,Inf,Inf,Inf,Inf,87.9458551707174,Inf,Inf
MEYER3,Conjugate Gradient,false,0.027960948,6.974082218946528e6,1000,4013,4013,87.9458551707174,6.973994273091357e6,2181.346471962793
MEYER3,Gradient Descent,false,0.029456132,1.096987951276699e6,1000,4338,4338,87.9458551707174,1.0969000054215284e6,2181.6871112321332
MEYER3,Nelder-Mead,false,0.010194483,3753.7113865884708,1000,1459,0,87.9458551707174,3665.765531417753,507.66091383803905
MEYER3,Particle Swarm,false,0.009690385,1.5086845460111128e7,1000,4001,0,87.9458551707174,1.5086757514255958e7,2235.103133894421
MEYER3,Simulated Annealing,false,0.002957721,6.892694322536886e6,1000,1001,0,87.9458551707174,6.892606376681715e6,2174.899864595223
GULF,Accelerated Gradient Descent,true,0.002581273,32.37308460748693,3,26,26,4.296047461316831e-18,32.37308460748693,45.044502438040915
GULF,BFGS,true,0.011528559,4.296486640089819e-18,21,115,115,4.296047461316831e-18,4.391787729878512e-22,2.6567192890070146e-11
GULF,L-BFGS,true,0.011808372,4.296047461316831e-18,21,115,115,4.296047461316831e-18,0.0,0.0
GULF,Momentum Gradient Descent,true,0.051239904,1.634674793955404e-12,180,625,445,4.296047461316831e-18,1.6346704979079427e-12,0.0004895561004971682
GULF,Conjugate Gradient,false,0.358744011,6.282058630394154,1000,3543,3543,4.296047461316831e-18,6.282058630394154,43.382731792004904
GULF,Gradient Descent,false,0.358975746,6.232826900237137,1000,3515,3515,4.296047461316831e-18,6.232826900237137,43.121801255894844
GULF,Nelder-Mead,true,0.014041776,3.8963312288246275e-9,202,282,0,4.296047461316831e-18,3.89633122452858e-9,0.007998336666510397
GULF,Particle Swarm,false,0.128480232,0.06030158827711855,1000,4001,0,4.296047461316831e-18,0.06030158827711854,35.6162125659469
GULF,Simulated Annealing,false,0.032508793,3.969345599383457,1000,1001,0,4.296047461316831e-18,3.969345599383457,32.37886135214082
DENSCHND,Accelerated Gradient Descent,true,0.000142713,8.273112097450532e8,3,46,46,6.457622637339479e-36,8.273112097450532e8,12.984860384878399
DENSCHND,BFGS,true,0.000978953,4.244213312666485e-14,58,270,270,6.457622637339479e-36,4.244213312666485e-14,0.04970949266418491
DENSCHND,L-BFGS,true,0.001424435,1.0554339056563608e-13,48,238,238,6.457622637339479e-36,1.0554339056563608e-13,0.05420142435741201
DENSCHND,Momentum Gradient Descent,true,0.000901464,8.949355012581995e-12,68,252,184,6.457622637339479e-36,8.949355012581995e-12,0.08617198733346322
DENSCHND,Conjugate Gradient,false,0.012462756,3.138861788790605e-10,1000,3544,3544,6.457622637339479e-36,3.138861788790605e-10,0.026065160752801127
DENSCHND,Gradient Descent,true,0.001231908,1.152589199421817e-12,100,440,440,6.457622637339479e-36,1.152589199421817e-12,0.048733583364528564
DENSCHND,Nelder-Mead,true,0.000568776,1.4094103627660425e-9,59,75,0,6.457622637339479e-36,1.4094103627660425e-9,0.005416868657623981
DENSCHND,Particle Swarm,false,0.008391224,6.457622637339479e-36,1000,4001,0,6.457622637339479e-36,0.0,0.0
DENSCHND,Simulated Annealing,false,0.001533469,0.0037369345075611723,1000,1001,0,6.457622637339479e-36,0.0037369345075611723,0.22898177740628947
BROWNBS,Accelerated Gradient Descent,true,0.000121979,1.5905065689932102e12,3,15,15,0.0,1.5905065689932102e12,300003.19988449744
BROWNBS,BFGS,true,0.000351191,1.972152263054323e-31,10,126,126,0.0,1.972152263054323e-31,4.235164736271502e-22
BROWNBS,L-BFGS,true,0.000346155,0.0,10,126,126,0.0,0.0,0.0
BROWNBS,Momentum Gradient Descent,true,0.000411284,0.0,16,177,161,0.0,0.0,0.0
BROWNBS,Conjugate Gradient,false,0.01201557,2.5000194190043295e11,1000,4499,4499,0.0,2.5000194190043295e11,500001.9418404126
BROWNBS,Gradient Descent,false,0.012308111,2.449761584095973e11,1000,4396,4396,0.0,2.449761584095973e11,494950.66260137333
BROWNBS,Nelder-Mead,true,0.001249553,1.309180367948482e-8,170,244,0,0.0,1.309180367948482e-8,9.341759141534567e-5
BROWNBS,Particle Swarm,false,0.005895802,0.0,1000,4001,0,0.0,0.0,0.0
BROWNBS,Simulated Annealing,false,0.001918188,9.9918620788399e11,1000,1001,0,0.0,9.9918620788399e11,999592.6919276717
HATFLDE,Accelerated Gradient Descent,true,0.000197925,34.22114008845093,3,18,18,5.12037693668103e-7,34.221139576413236,1.2935910960699664
HATFLDE,BFGS,true,0.0012611,5.12037693668103e-7,22,96,96,5.12037693668103e-7,0.0,0.0
HATFLDE,L-BFGS,true,0.000972467,5.120376936751129e-7,22,96,96,5.12037693668103e-7,7.009832913239776e-18,2.6442282807792594e-9
HATFLDE,Momentum Gradient Descent,true,0.003188913,2.7287419774040135e-6,62,205,143,5.12037693668103e-7,2.2167042837359106e-6,0.9926793367611039
HATFLDE,Conjugate Gradient,false,0.038929943,3.697760910402867e-5,1000,4003,4003,5.12037693668103e-7,3.646557141036057e-5,0.12179757870413288
HATFLDE,Gradient Descent,false,0.03977786,2.8643494224594635e-6,1000,3935,3935,5.12037693668103e-7,2.3523117287913605e-6,0.02656750908447436
HATFLDE,Nelder-Mead,true,0.001913661,5.162524877439491e-7,146,198,0,5.12037693668103e-7,4.214794075846065e-9,0.0004976821937506815
HATFLDE,Particle Swarm,false,0.023903483,0.02383922690576389,1000,4001,0,5.12037693668103e-7,0.02383871486807022,0.8923523799696398
HATFLDE,Simulated Annealing,false,0.003755885,0.006226167510609522,1000,1001,0,5.12037693668103e-7,0.006225655472915854,6.26799723126131
HATFLDFL,Accelerated Gradient Descent,true,7.6325e-5,0.0007691545375752123,3,16,16,6.017372978582792e-5,0.0007089808077893843,1006.6786239073051
HATFLDFL,BFGS,false,0.014957252,6.017372978582792e-5,1000,4297,4297,6.017372978582792e-5,0.0,0.0
HATFLDFL,L-BFGS,false,0.015185005,6.0174399923421064e-5,1000,4488,4488,6.017372978582792e-5,6.701375931426955e-10,88.1840558219343
HATFLDFL,Momentum Gradient Descent,true,0.00603153,6.04008296370696e-5,453,1971,1518,6.017372978582792e-5,2.270998512416783e-7,977.4321451186888
HATFLDFL,Conjugate Gradient,false,0.011606523,6.657390032980828e-5,1000,3504,3504,6.017372978582792e-5,6.400170543980359e-6,1006.6767841297266
HATFLDFL,Gradient Descent,false,0.012067975,6.655649501304618e-5,1000,3752,3752,6.017372978582792e-5,6.382765227218262e-6,1006.6737607502401
HATFLDFL,Nelder-Mead,true,0.000552451,6.62185517073264e-5,47,54,0,6.017372978582792e-5,6.0448219214984775e-6,1006.6109376284854
HATFLDFL,Particle Swarm,false,0.005771094,6.661898486942305e-5,1000,4001,0,6.017372978582792e-5,6.445255083595133e-6,1006.6845413126013
HATFLDFL,Simulated Annealing,false,0.001685487,0.0009441980441599989,1000,1001,0,6.017372978582792e-5,0.000884024314374171,1006.6786294337181
AKIVA,Accelerated Gradient Descent,true,0.000585857,125.75267143645121,3,24,24,6.166042212417741,119.58662922403347,1.785379483319595
AKIVA,BFGS,true,0.001170843,6.16604221241775,9,50,50,6.166042212417741,8.881784197001252e-15,3.766345291200679e-9
AKIVA,L-BFGS,true,0.002215717,6.166042212417747,9,50,50,6.166042212417741,6.217248937900877e-15,3.766345069156074e-9
AKIVA,Momentum Gradient Descent,true,0.00207678,6.166042212417749,20,93,72,6.166042212417741,7.993605777301127e-15,3.77486572555874e-9
AKIVA,Conjugate Gradient,true,0.035119687,6.166042212417791,340,1523,1523,6.166042212417741,4.973799150320701e-14,2.1579596265475232e-7
AKIVA,Gradient Descent,false,0.094014212,6.166347439574116,1000,3647,3647,6.166042212417741,0.00030522715637459896,0.01852605233736629
AKIVA,Nelder-Mead,true,0.000822277,6.166042218608837,49,75,0,6.166042212417741,6.191095636154387e-9,4.284642137672434e-5
AKIVA,Particle Swarm,false,0.024617883,6.166042212417741,1000,4001,0,6.166042212417741,0.0,0.0
AKIVA,Simulated Annealing,false,0.00675619,6.185044648440487,1000,1001,0,6.166042212417741,0.019002436022745428,0.13115824862709324
ROSENBR,Accelerated Gradient Descent,true,8.9367e-5,39.18330978791856,3,15,15,8.923988990312696e-30,39.18330978791856,1.7606257749458978
ROSENBR,BFGS,true,0.000411024,8.923988990312696e-30,27,117,117,8.923988990312696e-30,0.0,0.0
ROSENBR,L-BFGS,true,0.000385126,1.2330704383120846e-21,26,115,115,8.923988990312696e-30,1.2330704293880956e-21,4.3238301827841497e-11
ROSENBR,Momentum Gradient Descent,true,0.000517745,1.2960162126384444e-18,33,129,96,8.923988990312696e-30,1.2960162126295204e-18,2.276741906115376e-9
ROSENBR,Conjugate Gradient,false,0.010082403,0.0028815829465872835,1000,3563,3563,8.923988990312696e-30,0.0028815829465872835,0.10460587096529395
ROSENBR,Gradient Descent,true,0.020548807,7.059679791666828e-17,953,3914,3914,8.923988990312696e-30,7.059679791665936e-17,1.68217308971208e-8
ROSENBR,Nelder-Mead,true,0.001054676,4.0127703412463675e-9,108,160,0,8.923988990312696e-30,4.0127703412463675e-9,4.294879615907021e-5
ROSENBR,Particle Swarm,false,0.004987577,0.013157792798345535,1000,4001,0,8.923988990312696e-30,0.013157792798345535,0.21658066699461564
ROSENBR,Simulated Annealing,false,0.001744722,0.0028605089220342544,1000,1001,0,8.923988990312696e-30,0.0028605089220342544,0.08404056793765469
HIELOW,Accelerated Gradient Descent,true,0.049265116,1524.4404185030935,3,20,20,-Inf,Inf,3.7587992407509936
HIELOW,BFGS,true,0.148978568,874.1654321149665,11,54,54,-Inf,Inf,3.8300582460342474
HIELOW,L-BFGS,true,0.142201072,874.165432114966,11,54,54,-Inf,Inf,3.8300582460342474
HIELOW,Momentum Gradient Descent,true,0.385213703,874.1654321149689,43,187,141,-Inf,Inf,3.830058246033971
HIELOW,Conjugate Gradient,false,9.098807808,874.9041946193057,1000,3522,3522,-Inf,Inf,3.8297227551250193
HIELOW,Gradient Descent,false,10.367645489,874.6940526497261,1000,3539,3539,-Inf,Inf,3.8298203208745307
HIELOW,Nelder-Mead,true,0.132845533,874.1654321172334,150,199,0,-Inf,Inf,3.8300583002828303
HIELOW,Particle Swarm,false,1.63332114,930.5670109822987,1000,4001,0,-Inf,Inf,3.8432404481567657
HIELOW,Simulated Annealing,false,0.362431255,-Inf,1000,1001,0,-Inf,NaN,0.0
HUMPS,Accelerated Gradient Descent,true,9.9698e-5,79230.88983582024,3,16,16,1.9869573695998288e-195,79230.88983582024,1094.512903978211
HUMPS,BFGS,true,0.001821142,9.30619109729672e-22,94,564,564,1.9869573695998288e-195,9.30619109729672e-22,1.354423943914934e-10
HUMPS,L-BFGS,true,0.001769181,4.397735985918548e-16,88,523,523,1.9869573695998288e-195,4.397735985918548e-16,9.359591130222848e-8
HUMPS,Momentum Gradient Descent,true,0.003464861,2.1097178751076635e-16,116,550,434,1.9869573695998288e-195,2.1097178751076635e-16,6.481836050920063e-8
HUMPS,Conjugate Gradient,false,0.014606834,0.00036116786534891673,1000,3645,3645,1.9869573695998288e-195,0.00036116786534891673,0.08498873315247198
HUMPS,Gradient Descent,false,0.022545972,0.0910324728417344,1000,3658,3658,1.9869573695998288e-195,0.0910324728417344,1.3121988287912423
HUMPS,Nelder-Mead,true,0.002610257,5.529489674151352e-9,116,164,0,1.9869573695998288e-195,5.529489674151352e-9,0.00030535491773549467
HUMPS,Particle Swarm,false,0.012806442,1.9869573695998288e-195,1000,4001,0,1.9869573695998288e-195,0.0,0.0
HUMPS,Simulated Annealing,false,0.003016093,4510.491156399676,1000,1001,0,1.9869573695998288e-195,4510.491156399676,219.5353344375327
BARD,Accelerated Gradient Descent,true,0.000182833,50.563191342616605,3,17,17,0.008214877306578983,50.55497646531003,1.344295190452474
BARD,BFGS,true,0.000567967,0.008214877306578985,13,51,51,0.008214877306578983,1.734723475976807e-18,3.9968028886505635e-14
BARD,L-BFGS,true,0.000495132,0.008214877306578983,13,51,51,0.008214877306578983,0.0,0.0
BARD,Momentum Gradient Descent,true,0.00209678,0.00821487730657899,51,183,132,0.008214877306578983,6.938893903907228e-18,3.230673417675689e-8
BARD,Conjugate Gradient,false,0.021718691,0.00869034759614905,1000,4005,4005,0.008214877306578983,0.00047547028957006625,0.28945761429537975
BARD,Gradient Descent,false,0.017973907,0.008261802234399027,1000,3685,3685,0.008214877306578983,4.692492782004329e-5,0.08399042839448789
BARD,Nelder-Mead,true,0.001050104,0.008214890810979892,90,109,0,0.008214877306578983,1.3504400908290193e-8,0.000701291048852859
BARD,Particle Swarm,false,0.009564488,0.008580807724521376,1000,4001,0,0.008214877306578983,0.0003659304179423929,0.2502127566933956
BARD,Simulated Annealing,false,0.002850111,0.03483426777996757,1000,1001,0,0.008214877306578983,0.02661939047338859,0.9036840127850616
DENSCHNE,Accelerated Gradient Descent,true,7.7958e-5,3.300076691106142,3,17,17,3.37698197618169e-30,3.300076691106142,7.999909488801577
DENSCHNE,BFGS,true,0.000306889,1.2071995695136298e-19,15,80,80,3.37698197618169e-30,1.20719956947986e-19,2.3276176224682056e-10
DENSCHNE,L-BFGS,true,0.000274735,1.2072261378141656e-19,15,80,80,3.37698197618169e-30,1.2072261377803959e-19,2.327646080018108e-10
DENSCHNE,Momentum Gradient Descent,true,0.000251052,1.4568030187023612e-25,15,73,58,3.37698197618169e-30,1.4567692488825993e-25,3.0468499604501516e-13
DENSCHNE,Conjugate Gradient,true,0.000207167,3.37698197618169e-30,11,69,69,3.37698197618169e-30,0.0,0.0
DENSCHNE,Gradient Descent,false,0.010439186,3.303280888779136e-8,1000,3581,3581,3.37698197618169e-30,3.303280888779136e-8,0.00016016766346669918
DENSCHNE,Nelder-Mead,true,0.000782489,0.9999991270496839,64,75,0,3.37698197618169e-30,0.9999991270496839,14.639575205651333
DENSCHNE,Particle Swarm,false,0.005344875,4.0708576289118e-8,1000,4001,0,3.37698197618169e-30,4.0708576289118e-8,0.9997981956105457
DENSCHNE,Simulated Annealing,false,0.001662502,1.0012567753306802,1000,1001,0,3.37698197618169e-30,1.0012567753306802,16.85071013598104
CLIFF,Accelerated Gradient Descent,false,Inf,Inf,Inf,Inf,Inf,0.19978661367769956,Inf,Inf
CLIFF,BFGS,true,0.000403976,0.19978661367769956,10,160,160,0.19978661367769956,0.0,0.0
CLIFF,L-BFGS,true,0.000362434,0.19978661367769956,9,157,157,0.19978661367769956,0.0,3.1359492780325127e-10
CLIFF,Momentum Gradient Descent,true,0.00047288,0.19978661367769956,27,200,168,0.19978661367769956,0.0,1.572116214987318e-9
CLIFF,Conjugate Gradient,false,0.01015422,0.5967059328862242,1000,3567,3567,0.19978661367769956,0.39691931920852463,63.001849590192585
CLIFF,Gradient Descent,false,Inf,Inf,Inf,Inf,Inf,0.19978661367769956,Inf,Inf
CLIFF,Nelder-Mead,true,0.000860511,0.19978661522891986,69,95,0,0.19978661367769956,1.5512202911072137e-9,0.003871465670394425
CLIFF,Particle Swarm,false,0.006261444,0.20042816569028093,1000,4001,0,0.19978661367769956,0.0006415520125813701,2.5329003659770586
CLIFF,Simulated Annealing,false,0.001410745,0.2008271234761536,1000,1001,0,0.19978661367769956,0.001040509798454048,2.7614027161559758
LOGHAIRY,Accelerated Gradient Descent,true,0.000127249,8.202730806245578,3,36,36,0.1823215567939546,8.020409249451623,3649.6387796903537
LOGHAIRY,BFGS,true,0.002273129,0.1823215567939546,51,467,467,0.1823215567939546,0.0,0.0
LOGHAIRY,L-BFGS,true,0.001692066,0.1823215567939546,46,418,418,0.1823215567939546,0.0,2.289932118393892e-11
LOGHAIRY,Momentum Gradient Descent,true,0.001502041,0.1823215567939546,89,444,355,0.1823215567939546,0.0,3.77462061044626e-10
LOGHAIRY,Conjugate Gradient,true,0.000884975,0.1823215567939546,61,281,281,0.1823215567939546,0.0,1.2773067099185308e-9
LOGHAIRY,Gradient Descent,true,0.000486638,0.1823215567939546,27,153,153,0.1823215567939546,0.0,9.582774884007461e-11
LOGHAIRY,Nelder-Mead,true,0.000738966,0.1823215573552395,66,74,0,0.1823215567939546,5.612849074410065e-10,1.9582436216580862e-5
LOGHAIRY,Particle Swarm,false,0.005317732,0.1823215567939546,1000,4001,0,0.1823215567939546,0.0,1.8142021940619734e-9
LOGHAIRY,Simulated Annealing,false,0.001510694,6.544964712024865,1000,1001,0,0.1823215567939546,6.36264315523091,694.7107133302454
CUBE,Accelerated Gradient Descent,true,7.8643e-5,1.5247945182791112,3,18,18,8.269228879975065e-24,1.5247945182791112,0.9921677534858168
CUBE,BFGS,true,0.00056418,2.958586797669554e-19,43,181,181,8.269228879975065e-24,2.958504105380754e-19,1.6089358734205916e-9
CUBE,L-BFGS,true,0.0005806,8.269228879975065e-24,43,178,178,8.269228879975065e-24,0.0,0.0
CUBE,Momentum Gradient Descent,true,0.000433256,1.7066230085629459e-19,37,154,117,8.269228879975065e-24,1.706540316274146e-19,1.1995766602268532e-9
CUBE,Conjugate Gradient,false,0.009653078,0.01566207890219453,1000,3532,3532,8.269228879975065e-24,0.01566207890219453,0.3306193633107464
CUBE,Gradient Descent,false,0.011533019,0.0012119112721884812,1000,4084,4084,8.269228879975065e-24,0.0012119112721884812,0.1009046787745409
CUBE,Nelder-Mead,true,0.000695133,5.759408193353198e-9,71,97,0,8.269228879975065e-24,5.75940819335319e-9,0.00011768505191178669
CUBE,Particle Swarm,false,0.004995447,0.15521873750580123,1000,4001,0,8.269228879975065e-24,0.15521873750580123,1.708743081695484
CUBE,Simulated Annealing,false,0.001402152,0.03282905957314601,1000,1001,0,8.269228879975065e-24,0.03282905957314601,0.5700129375998533
